Datetime,Wert
2022-01-01 00:00:00,1.9146110860922763
2022-01-01 06:00:00,1.9146110860922763
2022-01-01 12:00:00,1.9146110860922763
2022-01-01 18:00:00,1.9146110860922763
2022-01-02 00:00:00,1.9291421900227885
2022-01-02 06:00:00,1.9291421900227885
2022-01-02 12:00:00,1.9291421900227885
2022-01-02 18:00:00,1.9291421900227885
2022-01-03 00:00:00,1.9433979690698664
2022-01-03 06:00:00,1.9433979690698664
2022-01-03 12:00:00,1.9433979690698664
2022-01-03 18:00:00,1.9433979690698664
2022-01-04 00:00:00,1.9573741989385134
2022-01-04 06:00:00,1.9573741989385134
2022-01-04 12:00:00,1.9573741989385134
2022-01-04 18:00:00,1.9573741989385134
2022-01-05 00:00:00,1.9710667381701874
2022-01-05 06:00:00,1.9710667381701874
2022-01-05 12:00:00,1.9710667381701874
2022-01-05 18:00:00,1.9710667381701874
2022-01-06 00:00:00,1.9844715293700048
2022-01-06 06:00:00,1.9844715293700048
2022-01-06 12:00:00,1.9844715293700048
2022-01-06 18:00:00,1.9844715293700048
2022-01-07 00:00:00,1.997584600409034
2022-01-07 06:00:00,1.997584600409034
2022-01-07 12:00:00,1.997584600409034
2022-01-07 18:00:00,1.997584600409034
2022-01-08 00:00:00,2.0104020656013235
2022-01-08 06:00:00,2.0104020656013235
2022-01-08 12:00:00,2.0104020656013235
2022-01-08 18:00:00,2.0104020656013235
2022-01-09 00:00:00,2.022920126855312
2022-01-09 06:00:00,2.022920126855312
2022-01-09 12:00:00,2.022920126855312
2022-01-09 18:00:00,2.022920126855312
2022-01-10 00:00:00,2.03513507479929
2022-01-10 06:00:00,2.03513507479929
2022-01-10 12:00:00,2.03513507479929
2022-01-10 18:00:00,2.03513507479929
2022-01-11 00:00:00,2.0470432898805595
2022-01-11 06:00:00,2.0470432898805595
2022-01-11 12:00:00,2.0470432898805595
2022-01-11 18:00:00,2.0470432898805595
2022-01-12 00:00:00,2.058641243437993
2022-01-12 06:00:00,2.058641243437993
2022-01-12 12:00:00,2.058641243437993
2022-01-12 18:00:00,2.058641243437993
2022-01-13 00:00:00,2.0699254987476463
2022-01-13 06:00:00,2.0699254987476463
2022-01-13 12:00:00,2.0699254987476463
2022-01-13 18:00:00,2.0699254987476463
2022-01-14 00:00:00,2.080892712041137
2022-01-14 06:00:00,2.080892712041137
2022-01-14 12:00:00,2.080892712041137
2022-01-14 18:00:00,2.080892712041137
2022-01-15 00:00:00,2.091539633496475
2022-01-15 06:00:00,2.091539633496475
2022-01-15 12:00:00,2.091539633496475
2022-01-15 18:00:00,2.091539633496475
2022-01-16 00:00:00,2.1018631082010533
2022-01-16 06:00:00,2.1018631082010533
2022-01-16 12:00:00,2.1018631082010533
2022-01-16 18:00:00,2.1018631082010533
2022-01-17 00:00:00,2.1118600770865177
2022-01-17 06:00:00,2.1118600770865177
2022-01-17 12:00:00,2.1118600770865177
2022-01-17 18:00:00,2.1118600770865177
2022-01-18 00:00:00,2.121527577835236
2022-01-18 06:00:00,2.121527577835236
2022-01-18 12:00:00,2.121527577835236
2022-01-18 18:00:00,2.121527577835236
2022-01-19 00:00:00,2.1308627457580944
2022-01-19 06:00:00,2.1308627457580944
2022-01-19 12:00:00,2.1308627457580944
2022-01-19 18:00:00,2.1308627457580944
2022-01-20 00:00:00,2.139862814643368
2022-01-20 06:00:00,2.139862814643368
2022-01-20 12:00:00,2.139862814643368
2022-01-20 18:00:00,2.139862814643368
2022-01-21 00:00:00,2.1485251175764075
2022-01-21 06:00:00,2.1485251175764075
2022-01-21 12:00:00,2.1485251175764075
2022-01-21 18:00:00,2.1485251175764075
2022-01-22 00:00:00,2.1568470877299077
2022-01-22 06:00:00,2.1568470877299077
2022-01-22 12:00:00,2.1568470877299077
2022-01-22 18:00:00,2.1568470877299077
2022-01-23 00:00:00,2.164826259124508
2022-01-23 06:00:00,2.164826259124508
2022-01-23 12:00:00,2.164826259124508
2022-01-23 18:00:00,2.164826259124508
2022-01-24 00:00:00,2.1724602673595204
2022-01-24 06:00:00,2.1724602673595204
2022-01-24 12:00:00,2.1724602673595204
2022-01-24 18:00:00,2.1724602673595204
2022-01-25 00:00:00,2.1797468503135495
2022-01-25 06:00:00,2.1797468503135495
2022-01-25 12:00:00,2.1797468503135495
2022-01-25 18:00:00,2.1797468503135495
2022-01-26 00:00:00,2.186683848814808
2022-01-26 06:00:00,2.186683848814808
2022-01-26 12:00:00,2.186683848814808
2022-01-26 18:00:00,2.186683848814808
2022-01-27 00:00:00,2.193269207280928
2022-01-27 06:00:00,2.193269207280928
2022-01-27 12:00:00,2.193269207280928
2022-01-27 18:00:00,2.193269207280928
2022-01-28 00:00:00,2.199500974328072
2022-01-28 06:00:00,2.199500974328072
2022-01-28 12:00:00,2.199500974328072
2022-01-28 18:00:00,2.199500974328072
2022-01-29 00:00:00,2.205377303349171
2022-01-29 06:00:00,2.205377303349171
2022-01-29 12:00:00,2.205377303349171
2022-01-29 18:00:00,2.205377303349171
2022-01-30 00:00:00,2.210896453061115
2022-01-30 06:00:00,2.210896453061115
2022-01-30 12:00:00,2.210896453061115
2022-01-30 18:00:00,2.210896453061115
2022-01-31 00:00:00,2.2160567880207314
2022-01-31 06:00:00,2.2160567880207314
2022-01-31 12:00:00,2.2160567880207314
2022-01-31 18:00:00,2.2160567880207314
2022-02-01 00:00:00,2.220856779109402
2022-02-01 06:00:00,2.220856779109402
2022-02-01 12:00:00,2.220856779109402
2022-02-01 18:00:00,2.220856779109402
2022-02-02 00:00:00,2.225295003986175
2022-02-02 06:00:00,2.225295003986175
2022-02-02 12:00:00,2.225295003986175
2022-02-02 18:00:00,2.225295003986175
2022-02-03 00:00:00,2.2293701475092353
2022-02-03 06:00:00,2.2293701475092353
2022-02-03 12:00:00,2.2293701475092353
2022-02-03 18:00:00,2.2293701475092353
2022-02-04 00:00:00,2.233081002125608
2022-02-04 06:00:00,2.233081002125608
2022-02-04 12:00:00,2.233081002125608
2022-02-04 18:00:00,2.233081002125608
2022-02-05 00:00:00,2.2364264682289834
2022-02-05 06:00:00,2.2364264682289834
2022-02-05 12:00:00,2.2364264682289834
2022-02-05 18:00:00,2.2364264682289834
2022-02-06 00:00:00,2.2394055544855536
2022-02-06 06:00:00,2.2394055544855536
2022-02-06 12:00:00,2.2394055544855536
2022-02-06 18:00:00,2.2394055544855536
2022-02-07 00:00:00,2.242017378127767
2022-02-07 06:00:00,2.242017378127767
2022-02-07 12:00:00,2.242017378127767
2022-02-07 18:00:00,2.242017378127767
2022-02-08 00:00:00,2.244261165215911
2022-02-08 06:00:00,2.244261165215911
2022-02-08 12:00:00,2.244261165215911
2022-02-08 18:00:00,2.244261165215911
2022-02-09 00:00:00,2.2461362508674463
2022-02-09 06:00:00,2.2461362508674463
2022-02-09 12:00:00,2.2461362508674463
2022-02-09 18:00:00,2.2461362508674463
2022-02-10 00:00:00,2.2476420794540264
2022-02-10 06:00:00,2.2476420794540264
2022-02-10 12:00:00,2.2476420794540264
2022-02-10 18:00:00,2.2476420794540264
2022-02-11 00:00:00,2.2487782047661433
2022-02-11 06:00:00,2.2487782047661433
2022-02-11 12:00:00,2.2487782047661433
2022-02-11 18:00:00,2.2487782047661433
2022-02-12 00:00:00,2.2495442901453466
2022-02-12 06:00:00,2.2495442901453466
2022-02-12 12:00:00,2.2495442901453466
2022-02-12 18:00:00,2.2495442901453466
2022-02-13 00:00:00,2.2499401085840054
2022-02-13 06:00:00,2.2499401085840054
2022-02-13 12:00:00,2.2499401085840054
2022-02-13 18:00:00,2.2499401085840054
2022-02-14 00:00:00,2.249965542792574
2022-02-14 06:00:00,2.249965542792574
2022-02-14 12:00:00,2.249965542792574
2022-02-14 18:00:00,2.249965542792574
2022-02-15 00:00:00,2.2496205852343474
2022-02-15 06:00:00,2.2496205852343474
2022-02-15 12:00:00,2.2496205852343474
2022-02-15 18:00:00,2.2496205852343474
2022-02-16 00:00:00,2.2489053381276953
2022-02-16 06:00:00,2.2489053381276953
2022-02-16 12:00:00,2.2489053381276953
2022-02-16 18:00:00,2.2489053381276953
2022-02-17 00:00:00,2.2478200134157706
2022-02-17 06:00:00,2.2478200134157706
2022-02-17 12:00:00,2.2478200134157706
2022-02-17 18:00:00,2.2478200134157706
2022-02-18 00:00:00,2.2463649327037096
2022-02-18 06:00:00,2.2463649327037096
2022-02-18 12:00:00,2.2463649327037096
2022-02-18 18:00:00,2.2463649327037096
2022-02-19 00:00:00,2.24454052716333
2022-02-19 06:00:00,2.24454052716333
2022-02-19 12:00:00,2.24454052716333
2022-02-19 18:00:00,2.24454052716333
2022-02-20 00:00:00,2.2423473374053673
2022-02-20 06:00:00,2.2423473374053673
2022-02-20 12:00:00,2.2423473374053673
2022-02-20 18:00:00,2.2423473374053673
2022-02-21 00:00:00,2.2397860133192804
2022-02-21 06:00:00,2.2397860133192804
2022-02-21 12:00:00,2.2397860133192804
2022-02-21 18:00:00,2.2397860133192804
2022-02-22 00:00:00,2.236857313880673
2022-02-22 06:00:00,2.236857313880673
2022-02-22 12:00:00,2.236857313880673
2022-02-22 18:00:00,2.236857313880673
2022-02-23 00:00:00,2.2335621069263962
2022-02-23 06:00:00,2.2335621069263962
2022-02-23 12:00:00,2.2335621069263962
2022-02-23 18:00:00,2.2335621069263962
2022-02-24 00:00:00,2.2299013688973863
2022-02-24 06:00:00,2.2299013688973863
2022-02-24 12:00:00,2.2299013688973863
2022-02-24 18:00:00,2.2299013688973863
2022-02-25 00:00:00,2.2258761845493265
2022-02-25 06:00:00,2.2258761845493265
2022-02-25 12:00:00,2.2258761845493265
2022-02-25 18:00:00,2.2258761845493265
2022-02-26 00:00:00,2.22148774663121
2022-02-26 06:00:00,2.22148774663121
2022-02-26 12:00:00,2.22148774663121
2022-02-26 18:00:00,2.22148774663121
2022-02-27 00:00:00,2.216737355531902
2022-02-27 06:00:00,2.216737355531902
2022-02-27 12:00:00,2.216737355531902
2022-02-27 18:00:00,2.216737355531902
2022-02-28 00:00:00,2.2116264188948067
2022-02-28 06:00:00,2.2116264188948067
2022-02-28 12:00:00,2.2116264188948067
2022-02-28 18:00:00,2.2116264188948067
2022-03-01 00:00:00,2.2061564512007537
2022-03-01 06:00:00,2.2061564512007537
2022-03-01 12:00:00,2.2061564512007537
2022-03-01 18:00:00,2.2061564512007537
2022-03-02 00:00:00,2.200329073319222
2022-03-02 06:00:00,2.200329073319222
2022-03-02 12:00:00,2.200329073319222
2022-03-02 18:00:00,2.200329073319222
2022-03-03 00:00:00,2.1941460120280416
2022-03-03 06:00:00,2.1941460120280416
2022-03-03 12:00:00,2.1941460120280416
2022-03-03 18:00:00,2.1941460120280416
2022-03-04 00:00:00,2.1876090995017163
2022-03-04 06:00:00,2.1876090995017163
2022-03-04 12:00:00,2.1876090995017163
2022-03-04 18:00:00,2.1876090995017163
2022-03-05 00:00:00,2.180720272768505
2022-03-05 06:00:00,2.180720272768505
2022-03-05 12:00:00,2.180720272768505
2022-03-05 18:00:00,2.180720272768505
2022-03-06 00:00:00,2.173481573136442
2022-03-06 06:00:00,2.173481573136442
2022-03-06 12:00:00,2.173481573136442
2022-03-06 18:00:00,2.173481573136442
2022-03-07 00:00:00,2.1658951455884523
2022-03-07 06:00:00,2.1658951455884523
2022-03-07 12:00:00,2.1658951455884523
2022-03-07 18:00:00,2.1658951455884523
2022-03-08 00:00:00,2.1579632381467464
2022-03-08 06:00:00,2.1579632381467464
2022-03-08 12:00:00,2.1579632381467464
2022-03-08 18:00:00,2.1579632381467464
2022-03-09 00:00:00,2.1496882012066845
2022-03-09 06:00:00,2.1496882012066845
2022-03-09 12:00:00,2.1496882012066845
2022-03-09 18:00:00,2.1496882012066845
2022-03-10 00:00:00,2.141072486840301
2022-03-10 06:00:00,2.141072486840301
2022-03-10 12:00:00,2.141072486840301
2022-03-10 18:00:00,2.141072486840301
2022-03-11 00:00:00,2.1321186480697056
2022-03-11 06:00:00,2.1321186480697056
2022-03-11 12:00:00,2.1321186480697056
2022-03-11 18:00:00,2.1321186480697056
2022-03-12 00:00:00,2.1228293381105656
2022-03-12 06:00:00,2.1228293381105656
2022-03-12 12:00:00,2.1228293381105656
2022-03-12 18:00:00,2.1228293381105656
2022-03-13 00:00:00,2.113207309585902
2022-03-13 06:00:00,2.113207309585902
2022-03-13 12:00:00,2.113207309585902
2022-03-13 18:00:00,2.113207309585902
2022-03-14 00:00:00,2.1032554137104267
2022-03-14 06:00:00,2.1032554137104267
2022-03-14 12:00:00,2.1032554137104267
2022-03-14 18:00:00,2.1032554137104267
2022-03-15 00:00:00,2.092976599445667
2022-03-15 06:00:00,2.092976599445667
2022-03-15 12:00:00,2.092976599445667
2022-03-15 18:00:00,2.092976599445667
2022-03-16 00:00:00,2.0823739126261245
2022-03-16 06:00:00,2.0823739126261245
2022-03-16 12:00:00,2.0823739126261245
2022-03-16 18:00:00,2.0823739126261245
2022-03-17 00:00:00,2.0714504950567285
2022-03-17 06:00:00,2.0714504950567285
2022-03-17 12:00:00,2.0714504950567285
2022-03-17 18:00:00,2.0714504950567285
2022-03-18 00:00:00,2.060209583581852
2022-03-18 06:00:00,2.060209583581852
2022-03-18 12:00:00,2.060209583581852
2022-03-18 18:00:00,2.060209583581852
2022-03-19 00:00:00,2.0486545091261634
2022-03-19 06:00:00,2.0486545091261634
2022-03-19 12:00:00,2.0486545091261634
2022-03-19 18:00:00,2.0486545091261634
2022-03-20 00:00:00,2.0367886957076027
2022-03-20 06:00:00,2.0367886957076027
2022-03-20 12:00:00,2.0367886957076027
2022-03-20 18:00:00,2.0367886957076027
2022-03-21 00:00:00,2.0246156594227713
2022-03-21 06:00:00,2.0246156594227713
2022-03-21 12:00:00,2.0246156594227713
2022-03-21 18:00:00,2.0246156594227713
2022-03-22 00:00:00,2.012139007405036
2022-03-22 06:00:00,2.012139007405036
2022-03-22 12:00:00,2.012139007405036
2022-03-22 18:00:00,2.012139007405036
2022-03-23 00:00:00,1.9993624367556577
2022-03-23 06:00:00,1.9993624367556577
2022-03-23 12:00:00,1.9993624367556577
2022-03-23 18:00:00,1.9993624367556577
2022-03-24 00:00:00,1.9862897334482605
2022-03-24 06:00:00,1.9862897334482605
2022-03-24 12:00:00,1.9862897334482605
2022-03-24 18:00:00,1.9862897334482605
2022-03-25 00:00:00,1.9729247712069669
2022-03-25 06:00:00,1.9729247712069669
2022-03-25 12:00:00,1.9729247712069669
2022-03-25 18:00:00,1.9729247712069669
2022-03-26 00:00:00,1.9592715103585288
2022-03-26 06:00:00,1.9592715103585288
2022-03-26 12:00:00,1.9592715103585288
2022-03-26 18:00:00,1.9592715103585288
2022-03-27 00:00:00,1.9453339966587968
2022-03-27 06:00:00,1.9453339966587968
2022-03-27 12:00:00,1.9453339966587968
2022-03-27 18:00:00,1.9453339966587968
2022-03-28 00:00:00,1.9311163600938757
2022-03-28 06:00:00,1.9311163600938757
2022-03-28 12:00:00,1.9311163600938757
2022-03-28 18:00:00,1.9311163600938757
2022-03-29 00:00:00,1.9166228136563221
2022-03-29 06:00:00,1.9166228136563221
2022-03-29 12:00:00,1.9166228136563221
2022-03-29 18:00:00,1.9166228136563221
2022-03-30 00:00:00,1.9018576520967418
2022-03-30 06:00:00,1.9018576520967418
2022-03-30 12:00:00,1.9018576520967418
2022-03-30 18:00:00,1.9018576520967418
2022-03-31 00:00:00,1.8868252506511627
2022-03-31 06:00:00,1.8868252506511627
2022-03-31 12:00:00,1.8868252506511627
2022-03-31 18:00:00,1.8868252506511627
2022-04-01 00:00:00,1.871530063744559
2022-04-01 06:00:00,1.871530063744559
2022-04-01 12:00:00,1.871530063744559
2022-04-01 18:00:00,1.871530063744559
2022-04-02 00:00:00,1.8559766236709094
2022-04-02 06:00:00,1.8559766236709094
2022-04-02 12:00:00,1.8559766236709094
2022-04-02 18:00:00,1.8559766236709094
2022-04-03 00:00:00,1.8401695392501771
2022-04-03 06:00:00,1.8401695392501771
2022-04-03 12:00:00,1.8401695392501771
2022-04-03 18:00:00,1.8401695392501771
2022-04-04 00:00:00,1.8241134944626214
2022-04-04 06:00:00,1.8241134944626214
2022-04-04 12:00:00,1.8241134944626214
2022-04-04 18:00:00,1.8241134944626214
2022-04-05 00:00:00,1.80781324706083
2022-04-05 06:00:00,1.80781324706083
2022-04-05 12:00:00,1.80781324706083
2022-04-05 18:00:00,1.80781324706083
2022-04-06 00:00:00,1.791273627159897
2022-04-06 06:00:00,1.791273627159897
2022-04-06 12:00:00,1.791273627159897
2022-04-06 18:00:00,1.791273627159897
2022-04-07 00:00:00,1.7744995358061535
2022-04-07 06:00:00,1.7744995358061535
2022-04-07 12:00:00,1.7744995358061535
2022-04-07 18:00:00,1.7744995358061535
2022-04-08 00:00:00,1.7574959435248811
2022-04-08 06:00:00,1.7574959435248811
2022-04-08 12:00:00,1.7574959435248811
2022-04-08 18:00:00,1.7574959435248811
2022-04-09 00:00:00,1.7402678888474412
2022-04-09 06:00:00,1.7402678888474412
2022-04-09 12:00:00,1.7402678888474412
2022-04-09 18:00:00,1.7402678888474412
2022-04-10 00:00:00,1.7228204768182465
2022-04-10 06:00:00,1.7228204768182465
2022-04-10 12:00:00,1.7228204768182465
2022-04-10 18:00:00,1.7228204768182465
2022-04-11 00:00:00,1.7051588774820263
2022-04-11 06:00:00,1.7051588774820263
2022-04-11 12:00:00,1.7051588774820263
2022-04-11 18:00:00,1.7051588774820263
2022-04-12 00:00:00,1.6872883243518337
2022-04-12 06:00:00,1.6872883243518337
2022-04-12 12:00:00,1.6872883243518337
2022-04-12 18:00:00,1.6872883243518337
2022-04-13 00:00:00,1.6692141128582385
2022-04-13 06:00:00,1.6692141128582385
2022-04-13 12:00:00,1.6692141128582385
2022-04-13 18:00:00,1.6692141128582385
2022-04-14 00:00:00,1.6509415987801805
2022-04-14 06:00:00,1.6509415987801805
2022-04-14 12:00:00,1.6509415987801805
2022-04-14 18:00:00,1.6509415987801805
2022-04-15 00:00:00,1.632476196657933
2022-04-15 06:00:00,1.632476196657933
2022-04-15 12:00:00,1.632476196657933
2022-04-15 18:00:00,1.632476196657933
2022-04-16 00:00:00,1.6138233781886617
2022-04-16 06:00:00,1.6138233781886617
2022-04-16 12:00:00,1.6138233781886617
2022-04-16 18:00:00,1.6138233781886617
2022-04-17 00:00:00,1.5949886706050398
2022-04-17 06:00:00,1.5949886706050398
2022-04-17 12:00:00,1.5949886706050398
2022-04-17 18:00:00,1.5949886706050398
2022-04-18 00:00:00,1.5759776550374103
2022-04-18 06:00:00,1.5759776550374103
2022-04-18 12:00:00,1.5759776550374103
2022-04-18 18:00:00,1.5759776550374103
2022-04-19 00:00:00,1.5567959648599778
2022-04-19 06:00:00,1.5567959648599778
2022-04-19 12:00:00,1.5567959648599778
2022-04-19 18:00:00,1.5567959648599778
2022-04-20 00:00:00,1.537449284021516
2022-04-20 06:00:00,1.537449284021516
2022-04-20 12:00:00,1.537449284021516
2022-04-20 18:00:00,1.537449284021516
2022-04-21 00:00:00,1.5179433453610924
2022-04-21 06:00:00,1.5179433453610924
2022-04-21 12:00:00,1.5179433453610924
2022-04-21 18:00:00,1.5179433453610924
2022-04-22 00:00:00,1.498283928909306
2022-04-22 06:00:00,1.498283928909306
2022-04-22 12:00:00,1.498283928909306
2022-04-22 18:00:00,1.498283928909306
2022-04-23 00:00:00,1.4784768601755358
2022-04-23 06:00:00,1.4784768601755358
2022-04-23 12:00:00,1.4784768601755358
2022-04-23 18:00:00,1.4784768601755358
2022-04-24 00:00:00,1.458528008421719
2022-04-24 06:00:00,1.458528008421719
2022-04-24 12:00:00,1.458528008421719
2022-04-24 18:00:00,1.458528008421719
2022-04-25 00:00:00,1.4384432849231625
2022-04-25 06:00:00,1.4384432849231625
2022-04-25 12:00:00,1.4384432849231625
2022-04-25 18:00:00,1.4384432849231625
2022-04-26 00:00:00,1.4182286412169016
2022-04-26 06:00:00,1.4182286412169016
2022-04-26 12:00:00,1.4182286412169016
2022-04-26 18:00:00,1.4182286412169016
2022-04-27 00:00:00,1.3978900673381347
2022-04-27 06:00:00,1.3978900673381347
2022-04-27 12:00:00,1.3978900673381347
2022-04-27 18:00:00,1.3978900673381347
2022-04-28 00:00:00,1.3774335900452452
2022-04-28 06:00:00,1.3774335900452452
2022-04-28 12:00:00,1.3774335900452452
2022-04-28 18:00:00,1.3774335900452452
2022-04-29 00:00:00,1.3568652710339408
2022-04-29 06:00:00,1.3568652710339408
2022-04-29 12:00:00,1.3568652710339408
2022-04-29 18:00:00,1.3568652710339408
2022-04-30 00:00:00,1.336191205141046
2022-04-30 06:00:00,1.336191205141046
2022-04-30 12:00:00,1.336191205141046
2022-04-30 18:00:00,1.336191205141046
2022-05-01 00:00:00,1.3154175185384676
2022-05-01 06:00:00,1.3154175185384676
2022-05-01 12:00:00,1.3154175185384676
2022-05-01 18:00:00,1.3154175185384676
2022-05-02 00:00:00,1.294550366917878
2022-05-02 06:00:00,1.294550366917878
2022-05-02 12:00:00,1.294550366917878
2022-05-02 18:00:00,1.294550366917878
2022-05-03 00:00:00,1.2735959336666534
2022-05-03 06:00:00,1.2735959336666534
2022-05-03 12:00:00,1.2735959336666534
2022-05-03 18:00:00,1.2735959336666534
2022-05-04 00:00:00,1.2525604280355997
2022-05-04 06:00:00,1.2525604280355997
2022-05-04 12:00:00,1.2525604280355997
2022-05-04 18:00:00,1.2525604280355997
2022-05-05 00:00:00,1.2314500832990185
2022-05-05 06:00:00,1.2314500832990185
2022-05-05 12:00:00,1.2314500832990185
2022-05-05 18:00:00,1.2314500832990185
2022-05-06 00:00:00,1.2102711549076541
2022-05-06 06:00:00,1.2102711549076541
2022-05-06 12:00:00,1.2102711549076541
2022-05-06 18:00:00,1.2102711549076541
2022-05-07 00:00:00,1.1890299186350668
2022-05-07 06:00:00,1.1890299186350668
2022-05-07 12:00:00,1.1890299186350668
2022-05-07 18:00:00,1.1890299186350668
2022-05-08 00:00:00,1.1677326687179885
2022-05-08 06:00:00,1.1677326687179885
2022-05-08 12:00:00,1.1677326687179885
2022-05-08 18:00:00,1.1677326687179885
2022-05-09 00:00:00,1.1463857159912019
2022-05-09 06:00:00,1.1463857159912019
2022-05-09 12:00:00,1.1463857159912019
2022-05-09 18:00:00,1.1463857159912019
2022-05-10 00:00:00,1.1249953860175044
2022-05-10 06:00:00,1.1249953860175044
2022-05-10 12:00:00,1.1249953860175044
2022-05-10 18:00:00,1.1249953860175044
2022-05-11 00:00:00,1.1035680172133084
2022-05-11 06:00:00,1.1035680172133084
2022-05-11 12:00:00,1.1035680172133084
2022-05-11 18:00:00,1.1035680172133084
2022-05-12 00:00:00,1.082109958970431
2022-05-12 06:00:00,1.082109958970431
2022-05-12 12:00:00,1.082109958970431
2022-05-12 18:00:00,1.082109958970431
2022-05-13 00:00:00,1.060627569774633
2022-05-13 06:00:00,1.060627569774633
2022-05-13 12:00:00,1.060627569774633
2022-05-13 18:00:00,1.060627569774633
2022-05-14 00:00:00,1.0391272153214606
2022-05-14 06:00:00,1.0391272153214606
2022-05-14 12:00:00,1.0391272153214606
2022-05-14 18:00:00,1.0391272153214606
2022-05-15 00:00:00,1.017615266629954
2022-05-15 06:00:00,1.017615266629954
2022-05-15 12:00:00,1.017615266629954
2022-05-15 18:00:00,1.017615266629954
2022-05-16 00:00:00,0.9960980981547759
2022-05-16 06:00:00,0.9960980981547759
2022-05-16 12:00:00,0.9960980981547759
2022-05-16 18:00:00,0.9960980981547759
2022-05-17 00:00:00,0.9745820858973251
2022-05-17 06:00:00,0.9745820858973251
2022-05-17 12:00:00,0.9745820858973251
2022-05-17 18:00:00,0.9745820858973251
2022-05-18 00:00:00,0.9530736055163863
2022-05-18 06:00:00,0.9530736055163863
2022-05-18 12:00:00,0.9530736055163863
2022-05-18 18:00:00,0.9530736055163863
2022-05-19 00:00:00,0.9315790304388876
2022-05-19 06:00:00,0.9315790304388876
2022-05-19 12:00:00,0.9315790304388876
2022-05-19 18:00:00,0.9315790304388876
2022-05-20 00:00:00,0.9101047299713146
2022-05-20 06:00:00,0.9101047299713146
2022-05-20 12:00:00,0.9101047299713146
2022-05-20 18:00:00,0.9101047299713146
2022-05-21 00:00:00,0.8886570674123506
2022-05-21 06:00:00,0.8886570674123506
2022-05-21 12:00:00,0.8886570674123506
2022-05-21 18:00:00,0.8886570674123506
2022-05-22 00:00:00,0.8672423981672898
2022-05-22 06:00:00,0.8672423981672898
2022-05-22 12:00:00,0.8672423981672898
2022-05-22 18:00:00,0.8672423981672898
2022-05-23 00:00:00,0.8458670678647954
2022-05-23 06:00:00,0.8458670678647954
2022-05-23 12:00:00,0.8458670678647954
2022-05-23 18:00:00,0.8458670678647954
2022-05-24 00:00:00,0.8245374104765534
2022-05-24 06:00:00,0.8245374104765534
2022-05-24 12:00:00,0.8245374104765534
2022-05-24 18:00:00,0.8245374104765534
2022-05-25 00:00:00,0.8032597464403807
2022-05-25 06:00:00,0.8032597464403807
2022-05-25 12:00:00,0.8032597464403807
2022-05-25 18:00:00,0.8032597464403807
2022-05-26 00:00:00,0.7820403807873398
2022-05-26 06:00:00,0.7820403807873398
2022-05-26 12:00:00,0.7820403807873398
2022-05-26 18:00:00,0.7820403807873398
2022-05-27 00:00:00,0.7608856012734256
2022-05-27 06:00:00,0.7608856012734256
2022-05-27 12:00:00,0.7608856012734256
2022-05-27 18:00:00,0.7608856012734256
2022-05-28 00:00:00,0.739801676516365
2022-05-28 06:00:00,0.739801676516365
2022-05-28 12:00:00,0.739801676516365
2022-05-28 18:00:00,0.739801676516365
2022-05-29 00:00:00,0.718794854138093
2022-05-29 06:00:00,0.718794854138093
2022-05-29 12:00:00,0.718794854138093
2022-05-29 18:00:00,0.718794854138093
2022-05-30 00:00:00,0.6978713589134437
2022-05-30 06:00:00,0.6978713589134437
2022-05-30 12:00:00,0.6978713589134437
2022-05-30 18:00:00,0.6978713589134437
2022-05-31 00:00:00,0.6770373909256185
2022-05-31 06:00:00,0.6770373909256185
2022-05-31 12:00:00,0.6770373909256185
2022-05-31 18:00:00,0.6770373909256185
2022-06-01 00:00:00,0.6562991237289661
2022-06-01 06:00:00,0.6562991237289661
2022-06-01 12:00:00,0.6562991237289661
2022-06-01 18:00:00,0.6562991237289661
2022-06-02 00:00:00,0.6356627025196251
2022-06-02 06:00:00,0.6356627025196251
2022-06-02 12:00:00,0.6356627025196251
2022-06-02 18:00:00,0.6356627025196251
2022-06-03 00:00:00,0.61513424231457
2022-06-03 06:00:00,0.61513424231457
2022-06-03 12:00:00,0.61513424231457
2022-06-03 18:00:00,0.61513424231457
2022-06-04 00:00:00,0.594719826139601
2022-06-04 06:00:00,0.594719826139601
2022-06-04 12:00:00,0.594719826139601
2022-06-04 18:00:00,0.594719826139601
2022-06-05 00:00:00,0.5744255032268093
2022-06-05 06:00:00,0.5744255032268093
2022-06-05 12:00:00,0.5744255032268093
2022-06-05 18:00:00,0.5744255032268093
2022-06-06 00:00:00,0.5542572872220612
2022-06-06 06:00:00,0.5542572872220612
2022-06-06 12:00:00,0.5542572872220612
2022-06-06 18:00:00,0.5542572872220612
2022-06-07 00:00:00,0.5342211544030251
2022-06-07 06:00:00,0.5342211544030251
2022-06-07 12:00:00,0.5342211544030251
2022-06-07 18:00:00,0.5342211544030251
2022-06-08 00:00:00,0.5143230419082694
2022-06-08 06:00:00,0.5143230419082694
2022-06-08 12:00:00,0.5143230419082694
2022-06-08 18:00:00,0.5143230419082694
2022-06-09 00:00:00,0.4945688459779641
2022-06-09 06:00:00,0.4945688459779641
2022-06-09 12:00:00,0.4945688459779641
2022-06-09 18:00:00,0.4945688459779641
2022-06-10 00:00:00,0.4749644202066934
2022-06-10 06:00:00,0.4749644202066934
2022-06-10 12:00:00,0.4749644202066934
2022-06-10 18:00:00,0.4749644202066934
2022-06-11 00:00:00,0.45551557380891117
2022-06-11 06:00:00,0.45551557380891117
2022-06-11 12:00:00,0.45551557380891117
2022-06-11 18:00:00,0.45551557380891117
2022-06-12 00:00:00,0.4362280698975456
2022-06-12 06:00:00,0.4362280698975456
2022-06-12 12:00:00,0.4362280698975456
2022-06-12 18:00:00,0.4362280698975456
2022-06-13 00:00:00,0.41710762377626426
2022-06-13 06:00:00,0.41710762377626426
2022-06-13 12:00:00,0.41710762377626426
2022-06-13 18:00:00,0.41710762377626426
2022-06-14 00:00:00,0.3981599012459058
2022-06-14 06:00:00,0.3981599012459058
2022-06-14 12:00:00,0.3981599012459058
2022-06-14 18:00:00,0.3981599012459058
2022-06-15 00:00:00,0.3793905169255811
2022-06-15 06:00:00,0.3793905169255811
2022-06-15 12:00:00,0.3793905169255811
2022-06-15 18:00:00,0.3793905169255811
2022-06-16 00:00:00,0.3608050325889402
2022-06-16 06:00:00,0.3608050325889402
2022-06-16 12:00:00,0.3608050325889402
2022-06-16 18:00:00,0.3608050325889402
2022-06-17 00:00:00,0.3424089555161014
2022-06-17 06:00:00,0.3424089555161014
2022-06-17 12:00:00,0.3424089555161014
2022-06-17 18:00:00,0.3424089555161014
2022-06-18 00:00:00,0.32420773686172
2022-06-18 06:00:00,0.32420773686172
2022-06-18 12:00:00,0.32420773686172
2022-06-18 18:00:00,0.32420773686172
2022-06-19 00:00:00,0.3062067700396983
2022-06-19 06:00:00,0.3062067700396983
2022-06-19 12:00:00,0.3062067700396983
2022-06-19 18:00:00,0.3062067700396983
2022-06-20 00:00:00,0.288411389124998
2022-06-20 06:00:00,0.288411389124998
2022-06-20 12:00:00,0.288411389124998
2022-06-20 18:00:00,0.288411389124998
2022-06-21 00:00:00,0.27082686727303984
2022-06-21 06:00:00,0.27082686727303984
2022-06-21 12:00:00,0.27082686727303984
2022-06-21 18:00:00,0.27082686727303984
2022-06-22 00:00:00,0.25345841515715395
2022-06-22 06:00:00,0.25345841515715395
2022-06-22 12:00:00,0.25345841515715395
2022-06-22 18:00:00,0.25345841515715395
2022-06-23 00:00:00,0.2363111794245436
2022-06-23 06:00:00,0.2363111794245436
2022-06-23 12:00:00,0.2363111794245436
2022-06-23 18:00:00,0.2363111794245436
2022-06-24 00:00:00,0.21939024117122474
2022-06-24 06:00:00,0.21939024117122474
2022-06-24 12:00:00,0.21939024117122474
2022-06-24 18:00:00,0.21939024117122474
2022-06-25 00:00:00,0.20270061443638498
2022-06-25 06:00:00,0.20270061443638498
2022-06-25 12:00:00,0.20270061443638498
2022-06-25 18:00:00,0.20270061443638498
2022-06-26 00:00:00,0.1862472447166179
2022-06-26 06:00:00,0.1862472447166179
2022-06-26 12:00:00,0.1862472447166179
2022-06-26 18:00:00,0.1862472447166179
2022-06-27 00:00:00,0.1700350075004633
2022-06-27 06:00:00,0.1700350075004633
2022-06-27 12:00:00,0.1700350075004633
2022-06-27 18:00:00,0.1700350075004633
2022-06-28 00:00:00,0.15406870682369855
2022-06-28 06:00:00,0.15406870682369855
2022-06-28 12:00:00,0.15406870682369855
2022-06-28 18:00:00,0.15406870682369855
2022-06-29 00:00:00,0.13835307384579465
2022-06-29 06:00:00,0.13835307384579465
2022-06-29 12:00:00,0.13835307384579465
2022-06-29 18:00:00,0.13835307384579465
2022-06-30 00:00:00,0.1228927654479739
2022-06-30 06:00:00,0.1228927654479739
2022-06-30 12:00:00,0.1228927654479739
2022-06-30 18:00:00,0.1228927654479739
2022-07-01 00:00:00,0.10769236285327521
2022-07-01 06:00:00,0.10769236285327521
2022-07-01 12:00:00,0.10769236285327521
2022-07-01 18:00:00,0.10769236285327521
2022-07-02 00:00:00,0.1
2022-07-02 06:00:00,0.1
2022-07-02 12:00:00,0.1
2022-07-02 18:00:00,0.1
2022-07-03 00:00:00,0.1
2022-07-03 06:00:00,0.1
2022-07-03 12:00:00,0.1
2022-07-03 18:00:00,0.1
2022-07-04 00:00:00,0.1
2022-07-04 06:00:00,0.1
2022-07-04 12:00:00,0.1
2022-07-04 18:00:00,0.1
2022-07-05 00:00:00,0.1
2022-07-05 06:00:00,0.1
2022-07-05 12:00:00,0.1
2022-07-05 18:00:00,0.1
2022-07-06 00:00:00,0.1
2022-07-06 06:00:00,0.1
2022-07-06 12:00:00,0.1
2022-07-06 18:00:00,0.1
2022-07-07 00:00:00,0.1
2022-07-07 06:00:00,0.1
2022-07-07 12:00:00,0.1
2022-07-07 18:00:00,0.1
2022-07-08 00:00:00,0.1
2022-07-08 06:00:00,0.1
2022-07-08 12:00:00,0.1
2022-07-08 18:00:00,0.1
2022-07-09 00:00:00,0.1
2022-07-09 06:00:00,0.1
2022-07-09 12:00:00,0.1
2022-07-09 18:00:00,0.1
2022-07-10 00:00:00,0.1
2022-07-10 06:00:00,0.1
2022-07-10 12:00:00,0.1
2022-07-10 18:00:00,0.1
2022-07-11 00:00:00,0.1
2022-07-11 06:00:00,0.1
2022-07-11 12:00:00,0.1
2022-07-11 18:00:00,0.1
2022-07-12 00:00:00,0.1
2022-07-12 06:00:00,0.1
2022-07-12 12:00:00,0.1
2022-07-12 18:00:00,0.1
2022-07-13 00:00:00,0.1
2022-07-13 06:00:00,0.1
2022-07-13 12:00:00,0.1
2022-07-13 18:00:00,0.1
2022-07-14 00:00:00,0.1
2022-07-14 06:00:00,0.1
2022-07-14 12:00:00,0.1
2022-07-14 18:00:00,0.1
2022-07-15 00:00:00,0.1
2022-07-15 06:00:00,0.1
2022-07-15 12:00:00,0.1
2022-07-15 18:00:00,0.1
2022-07-16 00:00:00,0.1
2022-07-16 06:00:00,0.1
2022-07-16 12:00:00,0.1
2022-07-16 18:00:00,0.1
2022-07-17 00:00:00,0.1
2022-07-17 06:00:00,0.1
2022-07-17 12:00:00,0.1
2022-07-17 18:00:00,0.1
2022-07-18 00:00:00,0.1
2022-07-18 06:00:00,0.1
2022-07-18 12:00:00,0.1
2022-07-18 18:00:00,0.1
2022-07-19 00:00:00,0.1
2022-07-19 06:00:00,0.1
2022-07-19 12:00:00,0.1
2022-07-19 18:00:00,0.1
2022-07-20 00:00:00,0.1
2022-07-20 06:00:00,0.1
2022-07-20 12:00:00,0.1
2022-07-20 18:00:00,0.1
2022-07-21 00:00:00,0.1
2022-07-21 06:00:00,0.1
2022-07-21 12:00:00,0.1
2022-07-21 18:00:00,0.1
2022-07-22 00:00:00,0.1
2022-07-22 06:00:00,0.1
2022-07-22 12:00:00,0.1
2022-07-22 18:00:00,0.1
2022-07-23 00:00:00,0.1
2022-07-23 06:00:00,0.1
2022-07-23 12:00:00,0.1
2022-07-23 18:00:00,0.1
2022-07-24 00:00:00,0.1
2022-07-24 06:00:00,0.1
2022-07-24 12:00:00,0.1
2022-07-24 18:00:00,0.1
2022-07-25 00:00:00,0.1
2022-07-25 06:00:00,0.1
2022-07-25 12:00:00,0.1
2022-07-25 18:00:00,0.1
2022-07-26 00:00:00,0.1
2022-07-26 06:00:00,0.1
2022-07-26 12:00:00,0.1
2022-07-26 18:00:00,0.1
2022-07-27 00:00:00,0.1
2022-07-27 06:00:00,0.1
2022-07-27 12:00:00,0.1
2022-07-27 18:00:00,0.1
2022-07-28 00:00:00,0.1
2022-07-28 06:00:00,0.1
2022-07-28 12:00:00,0.1
2022-07-28 18:00:00,0.1
2022-07-29 00:00:00,0.1
2022-07-29 06:00:00,0.1
2022-07-29 12:00:00,0.1
2022-07-29 18:00:00,0.1
2022-07-30 00:00:00,0.1
2022-07-30 06:00:00,0.1
2022-07-30 12:00:00,0.1
2022-07-30 18:00:00,0.1
2022-07-31 00:00:00,0.1
2022-07-31 06:00:00,0.1
2022-07-31 12:00:00,0.1
2022-07-31 18:00:00,0.1
2022-08-01 00:00:00,0.1
2022-08-01 06:00:00,0.1
2022-08-01 12:00:00,0.1
2022-08-01 18:00:00,0.1
2022-08-02 00:00:00,0.1
2022-08-02 06:00:00,0.1
2022-08-02 12:00:00,0.1
2022-08-02 18:00:00,0.1
2022-08-03 00:00:00,0.1
2022-08-03 06:00:00,0.1
2022-08-03 12:00:00,0.1
2022-08-03 18:00:00,0.1
2022-08-04 00:00:00,0.1
2022-08-04 06:00:00,0.1
2022-08-04 12:00:00,0.1
2022-08-04 18:00:00,0.1
2022-08-05 00:00:00,0.1
2022-08-05 06:00:00,0.1
2022-08-05 12:00:00,0.1
2022-08-05 18:00:00,0.1
2022-08-06 00:00:00,0.1
2022-08-06 06:00:00,0.1
2022-08-06 12:00:00,0.1
2022-08-06 18:00:00,0.1
2022-08-07 00:00:00,0.1
2022-08-07 06:00:00,0.1
2022-08-07 12:00:00,0.1
2022-08-07 18:00:00,0.1
2022-08-08 00:00:00,0.1
2022-08-08 06:00:00,0.1
2022-08-08 12:00:00,0.1
2022-08-08 18:00:00,0.1
2022-08-09 00:00:00,0.1
2022-08-09 06:00:00,0.1
2022-08-09 12:00:00,0.1
2022-08-09 18:00:00,0.1
2022-08-10 00:00:00,0.1
2022-08-10 06:00:00,0.1
2022-08-10 12:00:00,0.1
2022-08-10 18:00:00,0.1
2022-08-11 00:00:00,0.1
2022-08-11 06:00:00,0.1
2022-08-11 12:00:00,0.1
2022-08-11 18:00:00,0.1
2022-08-12 00:00:00,0.1
2022-08-12 06:00:00,0.1
2022-08-12 12:00:00,0.1
2022-08-12 18:00:00,0.1
2022-08-13 00:00:00,0.1
2022-08-13 06:00:00,0.1
2022-08-13 12:00:00,0.1
2022-08-13 18:00:00,0.1
2022-08-14 00:00:00,0.1
2022-08-14 06:00:00,0.1
2022-08-14 12:00:00,0.1
2022-08-14 18:00:00,0.1
2022-08-15 00:00:00,0.1
2022-08-15 06:00:00,0.1
2022-08-15 12:00:00,0.1
2022-08-15 18:00:00,0.1
2022-08-16 00:00:00,0.1
2022-08-16 06:00:00,0.1
2022-08-16 12:00:00,0.1
2022-08-16 18:00:00,0.1
2022-08-17 00:00:00,0.1
2022-08-17 06:00:00,0.1
2022-08-17 12:00:00,0.1
2022-08-17 18:00:00,0.1
2022-08-18 00:00:00,0.1
2022-08-18 06:00:00,0.1
2022-08-18 12:00:00,0.1
2022-08-18 18:00:00,0.1
2022-08-19 00:00:00,0.1
2022-08-19 06:00:00,0.1
2022-08-19 12:00:00,0.1
2022-08-19 18:00:00,0.1
2022-08-20 00:00:00,0.1
2022-08-20 06:00:00,0.1
2022-08-20 12:00:00,0.1
2022-08-20 18:00:00,0.1
2022-08-21 00:00:00,0.1
2022-08-21 06:00:00,0.1
2022-08-21 12:00:00,0.1
2022-08-21 18:00:00,0.1
2022-08-22 00:00:00,0.1
2022-08-22 06:00:00,0.1
2022-08-22 12:00:00,0.1
2022-08-22 18:00:00,0.1
2022-08-23 00:00:00,0.1
2022-08-23 06:00:00,0.1
2022-08-23 12:00:00,0.1
2022-08-23 18:00:00,0.1
2022-08-24 00:00:00,0.1
2022-08-24 06:00:00,0.1
2022-08-24 12:00:00,0.1
2022-08-24 18:00:00,0.1
2022-08-25 00:00:00,0.1
2022-08-25 06:00:00,0.1
2022-08-25 12:00:00,0.1
2022-08-25 18:00:00,0.1
2022-08-26 00:00:00,0.1
2022-08-26 06:00:00,0.1
2022-08-26 12:00:00,0.1
2022-08-26 18:00:00,0.1
2022-08-27 00:00:00,0.1
2022-08-27 06:00:00,0.1
2022-08-27 12:00:00,0.1
2022-08-27 18:00:00,0.1
2022-08-28 00:00:00,0.1
2022-08-28 06:00:00,0.1
2022-08-28 12:00:00,0.1
2022-08-28 18:00:00,0.1
2022-08-29 00:00:00,0.1
2022-08-29 06:00:00,0.1
2022-08-29 12:00:00,0.1
2022-08-29 18:00:00,0.1
2022-08-30 00:00:00,0.1
2022-08-30 06:00:00,0.1
2022-08-30 12:00:00,0.1
2022-08-30 18:00:00,0.1
2022-08-31 00:00:00,0.1
2022-08-31 06:00:00,0.1
2022-08-31 12:00:00,0.1
2022-08-31 18:00:00,0.1
2022-09-01 00:00:00,0.1
2022-09-01 06:00:00,0.1
2022-09-01 12:00:00,0.1
2022-09-01 18:00:00,0.1
2022-09-02 00:00:00,0.1
2022-09-02 06:00:00,0.1
2022-09-02 12:00:00,0.1
2022-09-02 18:00:00,0.1
2022-09-03 00:00:00,0.1
2022-09-03 06:00:00,0.1
2022-09-03 12:00:00,0.1
2022-09-03 18:00:00,0.1
2022-09-04 00:00:00,0.1
2022-09-04 06:00:00,0.1
2022-09-04 12:00:00,0.1
2022-09-04 18:00:00,0.1
2022-09-05 00:00:00,0.1
2022-09-05 06:00:00,0.1
2022-09-05 12:00:00,0.1
2022-09-05 18:00:00,0.1
2022-09-06 00:00:00,0.1
2022-09-06 06:00:00,0.1
2022-09-06 12:00:00,0.1
2022-09-06 18:00:00,0.1
2022-09-07 00:00:00,0.1
2022-09-07 06:00:00,0.1
2022-09-07 12:00:00,0.1
2022-09-07 18:00:00,0.1
2022-09-08 00:00:00,0.1
2022-09-08 06:00:00,0.1
2022-09-08 12:00:00,0.1
2022-09-08 18:00:00,0.1
2022-09-09 00:00:00,0.1
2022-09-09 06:00:00,0.1
2022-09-09 12:00:00,0.1
2022-09-09 18:00:00,0.1
2022-09-10 00:00:00,0.1
2022-09-10 06:00:00,0.1
2022-09-10 12:00:00,0.1
2022-09-10 18:00:00,0.1
2022-09-11 00:00:00,0.1
2022-09-11 06:00:00,0.1
2022-09-11 12:00:00,0.1
2022-09-11 18:00:00,0.1
2022-09-12 00:00:00,0.1
2022-09-12 06:00:00,0.1
2022-09-12 12:00:00,0.1
2022-09-12 18:00:00,0.1
2022-09-13 00:00:00,0.1
2022-09-13 06:00:00,0.1
2022-09-13 12:00:00,0.1
2022-09-13 18:00:00,0.1
2022-09-14 00:00:00,0.1
2022-09-14 06:00:00,0.1
2022-09-14 12:00:00,0.1
2022-09-14 18:00:00,0.1
2022-09-15 00:00:00,0.1
2022-09-15 06:00:00,0.1
2022-09-15 12:00:00,0.1
2022-09-15 18:00:00,0.1
2022-09-16 00:00:00,0.1
2022-09-16 06:00:00,0.1
2022-09-16 12:00:00,0.1
2022-09-16 18:00:00,0.1
2022-09-17 00:00:00,0.1
2022-09-17 06:00:00,0.1
2022-09-17 12:00:00,0.1
2022-09-17 18:00:00,0.1
2022-09-18 00:00:00,0.1
2022-09-18 06:00:00,0.1
2022-09-18 12:00:00,0.1
2022-09-18 18:00:00,0.1
2022-09-19 00:00:00,0.1
2022-09-19 06:00:00,0.1
2022-09-19 12:00:00,0.1
2022-09-19 18:00:00,0.1
2022-09-20 00:00:00,0.1
2022-09-20 06:00:00,0.1
2022-09-20 12:00:00,0.1
2022-09-20 18:00:00,0.1
2022-09-21 00:00:00,0.1
2022-09-21 06:00:00,0.1
2022-09-21 12:00:00,0.1
2022-09-21 18:00:00,0.1
2022-09-22 00:00:00,0.1
2022-09-22 06:00:00,0.1
2022-09-22 12:00:00,0.1
2022-09-22 18:00:00,0.1
2022-09-23 00:00:00,0.1
2022-09-23 06:00:00,0.1
2022-09-23 12:00:00,0.1
2022-09-23 18:00:00,0.1
2022-09-24 00:00:00,0.1
2022-09-24 06:00:00,0.1
2022-09-24 12:00:00,0.1
2022-09-24 18:00:00,0.1
2022-09-25 00:00:00,0.1
2022-09-25 06:00:00,0.1
2022-09-25 12:00:00,0.1
2022-09-25 18:00:00,0.1
2022-09-26 00:00:00,0.1
2022-09-26 06:00:00,0.1
2022-09-26 12:00:00,0.1
2022-09-26 18:00:00,0.1
2022-09-27 00:00:00,0.1
2022-09-27 06:00:00,0.1
2022-09-27 12:00:00,0.1
2022-09-27 18:00:00,0.1
2022-09-28 00:00:00,0.1
2022-09-28 06:00:00,0.1
2022-09-28 12:00:00,0.1
2022-09-28 18:00:00,0.1
2022-09-29 00:00:00,0.10562542020122212
2022-09-29 06:00:00,0.10562542020122212
2022-09-29 12:00:00,0.10562542020122212
2022-09-29 18:00:00,0.10562542020122212
2022-09-30 00:00:00,0.12078977607845642
2022-09-30 06:00:00,0.12078977607845642
2022-09-30 12:00:00,0.12078977607845642
2022-09-30 18:00:00,0.12078977607845642
2022-10-01 00:00:00,0.1362146609199496
2022-10-01 06:00:00,0.1362146609199496
2022-10-01 12:00:00,0.1362146609199496
2022-10-01 18:00:00,0.1362146609199496
2022-10-02 00:00:00,0.15189550399942564
2022-10-02 06:00:00,0.15189550399942564
2022-10-02 12:00:00,0.15189550399942564
2022-10-02 18:00:00,0.15189550399942564
2022-10-03 00:00:00,0.16782765874466155
2022-10-03 06:00:00,0.16782765874466155
2022-10-03 12:00:00,0.16782765874466155
2022-10-03 18:00:00,0.16782765874466155
2022-10-04 00:00:00,0.18400640411436076
2022-10-04 06:00:00,0.18400640411436076
2022-10-04 12:00:00,0.18400640411436076
2022-10-04 18:00:00,0.18400640411436076
2022-10-05 00:00:00,0.20042694599710564
2022-10-05 06:00:00,0.20042694599710564
2022-10-05 12:00:00,0.20042694599710564
2022-10-05 18:00:00,0.20042694599710564
2022-10-06 00:00:00,0.2170844186319516
2022-10-06 06:00:00,0.2170844186319516
2022-10-06 12:00:00,0.2170844186319516
2022-10-06 18:00:00,0.2170844186319516
2022-10-07 00:00:00,0.23397388605025804
2022-10-07 06:00:00,0.23397388605025804
2022-10-07 12:00:00,0.23397388605025804
2022-10-07 18:00:00,0.23397388605025804
2022-10-08 00:00:00,0.25109034353832627
2022-10-08 06:00:00,0.25109034353832627
2022-10-08 12:00:00,0.25109034353832627
2022-10-08 18:00:00,0.25109034353832627
2022-10-09 00:00:00,0.26842871912039734
2022-10-09 06:00:00,0.26842871912039734
2022-10-09 12:00:00,0.26842871912039734
2022-10-09 18:00:00,0.26842871912039734
2022-10-10 00:00:00,0.2859838750615953
2022-10-10 06:00:00,0.2859838750615953
2022-10-10 12:00:00,0.2859838750615953
2022-10-10 18:00:00,0.2859838750615953
2022-10-11 00:00:00,0.3037506093903424
2022-10-11 06:00:00,0.3037506093903424
2022-10-11 12:00:00,0.3037506093903424
2022-10-11 18:00:00,0.3037506093903424
2022-10-12 00:00:00,0.3217236574398189
2022-10-12 06:00:00,0.3217236574398189
2022-10-12 12:00:00,0.3217236574398189
2022-10-12 18:00:00,0.3217236574398189
2022-10-13 00:00:00,0.33989769340799914
2022-10-13 06:00:00,0.33989769340799914
2022-10-13 12:00:00,0.33989769340799914
2022-10-13 18:00:00,0.33989769340799914
2022-10-14 00:00:00,0.35826733193579735
2022-10-14 06:00:00,0.35826733193579735
2022-10-14 12:00:00,0.35826733193579735
2022-10-14 18:00:00,0.35826733193579735
2022-10-15 00:00:00,0.37682712970286714
2022-10-15 06:00:00,0.37682712970286714
2022-10-15 12:00:00,0.37682712970286714
2022-10-15 18:00:00,0.37682712970286714
2022-10-16 00:00:00,0.395571587040579
2022-10-16 06:00:00,0.395571587040579
2022-10-16 12:00:00,0.395571587040579
2022-10-16 18:00:00,0.395571587040579
2022-10-17 00:00:00,0.4144951495616833
2022-10-17 06:00:00,0.4144951495616833
2022-10-17 12:00:00,0.4144951495616833
2022-10-17 18:00:00,0.4144951495616833
2022-10-18 00:00:00,0.43359220980620305
2022-10-18 06:00:00,0.43359220980620305
2022-10-18 12:00:00,0.43359220980620305
2022-10-18 18:00:00,0.43359220980620305
2022-10-19 00:00:00,0.45285710890303754
2022-10-19 06:00:00,0.45285710890303754
2022-10-19 12:00:00,0.45285710890303754
2022-10-19 18:00:00,0.45285710890303754
2022-10-20 00:00:00,0.4722841382468157
2022-10-20 06:00:00,0.4722841382468157
2022-10-20 12:00:00,0.4722841382468157
2022-10-20 18:00:00,0.4722841382468157
2022-10-21 00:00:00,0.49186754118947135
2022-10-21 06:00:00,0.49186754118947135
2022-10-21 12:00:00,0.49186754118947135
2022-10-21 18:00:00,0.49186754118947135
2022-10-22 00:00:00,0.5116015147460714
2022-10-22 06:00:00,0.5116015147460714
2022-10-22 12:00:00,0.5116015147460714
2022-10-22 18:00:00,0.5116015147460714
2022-10-23 00:00:00,0.5314802113143526
2022-10-23 06:00:00,0.5314802113143526
2022-10-23 12:00:00,0.5314802113143526
2022-10-23 18:00:00,0.5314802113143526
2022-10-24 00:00:00,0.5514977404075075
2022-10-24 06:00:00,0.5514977404075075
2022-10-24 12:00:00,0.5514977404075075
2022-10-24 18:00:00,0.5514977404075075
2022-10-25 00:00:00,0.5716481703996503
2022-10-25 06:00:00,0.5716481703996503
2022-10-25 12:00:00,0.5716481703996503
2022-10-25 18:00:00,0.5716481703996503
2022-10-26 00:00:00,0.5919255302834943
2022-10-26 06:00:00,0.5919255302834943
2022-10-26 12:00:00,0.5919255302834943
2022-10-26 18:00:00,0.5919255302834943
2022-10-27 00:00:00,0.6123238114396825
2022-10-27 06:00:00,0.6123238114396825
2022-10-27 12:00:00,0.6123238114396825
2022-10-27 18:00:00,0.6123238114396825
2022-10-28 00:00:00,0.6328369694172797
2022-10-28 06:00:00,0.6328369694172797
2022-10-28 12:00:00,0.6328369694172797
2022-10-28 18:00:00,0.6328369694172797
2022-10-29 00:00:00,0.6534589257248646
2022-10-29 06:00:00,0.6534589257248646
2022-10-29 12:00:00,0.6534589257248646
2022-10-29 18:00:00,0.6534589257248646
2022-10-30 00:00:00,0.6741835696317273
2022-10-30 06:00:00,0.6741835696317273
2022-10-30 12:00:00,0.6741835696317273
2022-10-30 18:00:00,0.6741835696317273
2022-10-31 00:00:00,0.6950047599786014
2022-10-31 06:00:00,0.6950047599786014
2022-10-31 12:00:00,0.6950047599786014
2022-10-31 18:00:00,0.6950047599786014
2022-11-01 00:00:00,0.7159163269974314
2022-11-01 06:00:00,0.7159163269974314
2022-11-01 12:00:00,0.7159163269974314
2022-11-01 18:00:00,0.7159163269974314
2022-11-02 00:00:00,0.7369120741395999
2022-11-02 06:00:00,0.7369120741395999
2022-11-02 12:00:00,0.7369120741395999
2022-11-02 18:00:00,0.7369120741395999
2022-11-03 00:00:00,0.7579857799121031
2022-11-03 06:00:00,0.7579857799121031
2022-11-03 12:00:00,0.7579857799121031
2022-11-03 18:00:00,0.7579857799121031
2022-11-04 00:00:00,0.7791311997211121
2022-11-04 06:00:00,0.7791311997211121
2022-11-04 12:00:00,0.7791311997211121
2022-11-04 18:00:00,0.7791311997211121
2022-11-05 00:00:00,0.8003420677223838
2022-11-05 06:00:00,0.8003420677223838
2022-11-05 12:00:00,0.8003420677223838
2022-11-05 18:00:00,0.8003420677223838
2022-11-06 00:00:00,0.8216120986779595
2022-11-06 06:00:00,0.8216120986779595
2022-11-06 12:00:00,0.8216120986779595
2022-11-06 18:00:00,0.8216120986779595
2022-11-07 00:00:00,0.842934989818624
2022-11-07 06:00:00,0.842934989818624
2022-11-07 12:00:00,0.842934989818624
2022-11-07 18:00:00,0.842934989818624
2022-11-08 00:00:00,0.864304422711545
2022-11-08 06:00:00,0.864304422711545
2022-11-08 12:00:00,0.864304422711545
2022-11-08 18:00:00,0.864304422711545
2022-11-09 00:00:00,0.8857140651325678
2022-11-09 06:00:00,0.8857140651325678
2022-11-09 12:00:00,0.8857140651325678
2022-11-09 18:00:00,0.8857140651325678
2022-11-10 00:00:00,0.9071575729425833
2022-11-10 06:00:00,0.9071575729425833
2022-11-10 12:00:00,0.9071575729425833
2022-11-10 18:00:00,0.9071575729425833
2022-11-11 00:00:00,0.9286285919674407
2022-11-11 06:00:00,0.9286285919674407
2022-11-11 12:00:00,0.9286285919674407
2022-11-11 18:00:00,0.9286285919674407
2022-11-12 00:00:00,0.9501207598808193
2022-11-12 06:00:00,0.9501207598808193
2022-11-12 12:00:00,0.9501207598808193
2022-11-12 18:00:00,0.9501207598808193
2022-11-13 00:00:00,0.9716277080895274
2022-11-13 06:00:00,0.9716277080895274
2022-11-13 12:00:00,0.9716277080895274
2022-11-13 18:00:00,0.9716277080895274
2022-11-14 00:00:00,0.9931430636206516
2022-11-14 06:00:00,0.9931430636206516
2022-11-14 12:00:00,0.9931430636206516
2022-11-14 18:00:00,0.9931430636206516
2022-11-15 00:00:00,1.014660451010011
2022-11-15 06:00:00,1.014660451010011
2022-11-15 12:00:00,1.014660451010011
2022-11-15 18:00:00,1.014660451010011
2022-11-16 00:00:00,1.0361734941913365
2022-11-16 06:00:00,1.0361734941913365
2022-11-16 12:00:00,1.0361734941913365
2022-11-16 18:00:00,1.0361734941913365
2022-11-17 00:00:00,1.0576758183856463
2022-11-17 06:00:00,1.0576758183856463
2022-11-17 12:00:00,1.0576758183856463
2022-11-17 18:00:00,1.0576758183856463
2022-11-18 00:00:00,1.0791610519902213
2022-11-18 06:00:00,1.0791610519902213
2022-11-18 12:00:00,1.0791610519902213
2022-11-18 18:00:00,1.0791610519902213
2022-11-19 00:00:00,1.1006228284666573
2022-11-19 06:00:00,1.1006228284666573
2022-11-19 12:00:00,1.1006228284666573
2022-11-19 18:00:00,1.1006228284666573
2022-11-20 00:00:00,1.1220547882273988
2022-11-20 06:00:00,1.1220547882273988
2022-11-20 12:00:00,1.1220547882273988
2022-11-20 18:00:00,1.1220547882273988
2022-11-21 00:00:00,1.1434505805202317
2022-11-21 06:00:00,1.1434505805202317
2022-11-21 12:00:00,1.1434505805202317
2022-11-21 18:00:00,1.1434505805202317
2022-11-22 00:00:00,1.1648038653101394
2022-11-22 06:00:00,1.1648038653101394
2022-11-22 12:00:00,1.1648038653101394
2022-11-22 18:00:00,1.1648038653101394
2022-11-23 00:00:00,1.1861083151579959
2022-11-23 06:00:00,1.1861083151579959
2022-11-23 12:00:00,1.1861083151579959
2022-11-23 18:00:00,1.1861083151579959
2022-11-24 00:00:00,1.2073576170955258
2022-11-24 06:00:00,1.2073576170955258
2022-11-24 12:00:00,1.2073576170955258
2022-11-24 18:00:00,1.2073576170955258
2022-11-25 00:00:00,1.2285454744959652
2022-11-25 06:00:00,1.2285454744959652
2022-11-25 12:00:00,1.2285454744959652
2022-11-25 18:00:00,1.2285454744959652
2022-11-26 00:00:00,1.2496656089398972
2022-11-26 06:00:00,1.2496656089398972
2022-11-26 12:00:00,1.2496656089398972
2022-11-26 18:00:00,1.2496656089398972
2022-11-27 00:00:00,1.270711762075674
2022-11-27 06:00:00,1.270711762075674
2022-11-27 12:00:00,1.270711762075674
2022-11-27 18:00:00,1.270711762075674
2022-11-28 00:00:00,1.2916776974739108
2022-11-28 06:00:00,1.2916776974739108
2022-11-28 12:00:00,1.2916776974739108
2022-11-28 18:00:00,1.2916776974739108
2022-11-29 00:00:00,1.3125572024754668
2022-11-29 06:00:00,1.3125572024754668
2022-11-29 12:00:00,1.3125572024754668
2022-11-29 18:00:00,1.3125572024754668
2022-11-30 00:00:00,1.33334409003239
2022-11-30 06:00:00,1.33334409003239
2022-11-30 12:00:00,1.33334409003239
2022-11-30 18:00:00,1.33334409003239
2022-12-01 00:00:00,1.3540322005412835
2022-12-01 06:00:00,1.3540322005412835
2022-12-01 12:00:00,1.3540322005412835
2022-12-01 18:00:00,1.3540322005412835
2022-12-02 00:00:00,1.3746154036685148
2022-12-02 06:00:00,1.3746154036685148
2022-12-02 12:00:00,1.3746154036685148
2022-12-02 18:00:00,1.3746154036685148
2022-12-03 00:00:00,1.3950876001667776
2022-12-03 06:00:00,1.3950876001667776
2022-12-03 12:00:00,1.3950876001667776
2022-12-03 18:00:00,1.3950876001667776
2022-12-04 00:00:00,1.4154427236824205
2022-12-04 06:00:00,1.4154427236824205
2022-12-04 12:00:00,1.4154427236824205
2022-12-04 18:00:00,1.4154427236824205
2022-12-05 00:00:00,1.4356747425530498
2022-12-05 06:00:00,1.4356747425530498
2022-12-05 12:00:00,1.4356747425530498
2022-12-05 18:00:00,1.4356747425530498
2022-12-06 00:00:00,1.4557776615948284
2022-12-06 06:00:00,1.4557776615948284
2022-12-06 12:00:00,1.4557776615948284
2022-12-06 18:00:00,1.4557776615948284
2022-12-07 00:00:00,1.4757455238789898
2022-12-07 06:00:00,1.4757455238789898
2022-12-07 12:00:00,1.4757455238789898
2022-12-07 18:00:00,1.4757455238789898
2022-12-08 00:00:00,1.4955724124969956
2022-12-08 06:00:00,1.4955724124969956
2022-12-08 12:00:00,1.4955724124969956
2022-12-08 18:00:00,1.4955724124969956
2022-12-09 00:00:00,1.5152524523138509
2022-12-09 06:00:00,1.5152524523138509
2022-12-09 12:00:00,1.5152524523138509
2022-12-09 18:00:00,1.5152524523138509
2022-12-10 00:00:00,1.5347798117090268
2022-12-10 06:00:00,1.5347798117090268
2022-12-10 12:00:00,1.5347798117090268
2022-12-10 18:00:00,1.5347798117090268
2022-12-11 00:00:00,1.554148704304499
2022-12-11 06:00:00,1.554148704304499
2022-12-11 12:00:00,1.554148704304499
2022-12-11 18:00:00,1.554148704304499
2022-12-12 00:00:00,1.5733533906793784
2022-12-12 06:00:00,1.5733533906793784
2022-12-12 12:00:00,1.5733533906793784
2022-12-12 18:00:00,1.5733533906793784
2022-12-13 00:00:00,1.5923881800706183
2022-12-13 06:00:00,1.5923881800706183
2022-12-13 12:00:00,1.5923881800706183
2022-12-13 18:00:00,1.5923881800706183
2022-12-14 00:00:00,1.6112474320593206
2022-12-14 06:00:00,1.6112474320593206
2022-12-14 12:00:00,1.6112474320593206
2022-12-14 18:00:00,1.6112474320593206
2022-12-15 00:00:00,1.6299255582421026
2022-12-15 06:00:00,1.6299255582421026
2022-12-15 12:00:00,1.6299255582421026
2022-12-15 18:00:00,1.6299255582421026
2022-12-16 00:00:00,1.6484170238870728
2022-12-16 06:00:00,1.6484170238870728
2022-12-16 12:00:00,1.6484170238870728
2022-12-16 18:00:00,1.6484170238870728
2022-12-17 00:00:00,1.6667163495738766
2022-12-17 06:00:00,1.6667163495738766
2022-12-17 12:00:00,1.6667163495738766
2022-12-17 18:00:00,1.6667163495738766
2022-12-18 00:00:00,1.6848181128173867
2022-12-18 06:00:00,1.6848181128173867
2022-12-18 12:00:00,1.6848181128173867
2022-12-18 18:00:00,1.6848181128173867
2022-12-19 00:00:00,1.7027169496744818
2022-12-19 06:00:00,1.7027169496744818
2022-12-19 12:00:00,1.7027169496744818
2022-12-19 18:00:00,1.7027169496744818
2022-12-20 00:00:00,1.7204075563335168
2022-12-20 06:00:00,1.7204075563335168
2022-12-20 12:00:00,1.7204075563335168
2022-12-20 18:00:00,1.7204075563335168
2022-12-21 00:00:00,1.7378846906859409
2022-12-21 06:00:00,1.7378846906859409
2022-12-21 12:00:00,1.7378846906859409
2022-12-21 18:00:00,1.7378846906859409
2022-12-22 00:00:00,1.755143173879658
2022-12-22 06:00:00,1.755143173879658
2022-12-22 12:00:00,1.755143173879658
2022-12-22 18:00:00,1.755143173879658
2022-12-23 00:00:00,1.7721778918536308
2022-12-23 06:00:00,1.7721778918536308
2022-12-23 12:00:00,1.7721778918536308
2022-12-23 18:00:00,1.7721778918536308
2022-12-24 00:00:00,1.788983796853283
2022-12-24 06:00:00,1.788983796853283
2022-12-24 12:00:00,1.788983796853283
2022-12-24 18:00:00,1.788983796853283
2022-12-25 00:00:00,1.8055559089262632
2022-12-25 06:00:00,1.8055559089262632
2022-12-25 12:00:00,1.8055559089262632
2022-12-25 18:00:00,1.8055559089262632
2022-12-26 00:00:00,1.8218893173981074
2022-12-26 06:00:00,1.8218893173981074
2022-12-26 12:00:00,1.8218893173981074
2022-12-26 18:00:00,1.8218893173981074
2022-12-27 00:00:00,1.8379791823273832
2022-12-27 06:00:00,1.8379791823273832
2022-12-27 12:00:00,1.8379791823273832
2022-12-27 18:00:00,1.8379791823273832
2022-12-28 00:00:00,1.8538207359398629
2022-12-28 06:00:00,1.8538207359398629
2022-12-28 12:00:00,1.8538207359398629
2022-12-28 18:00:00,1.8538207359398629
2022-12-29 00:00:00,1.8694092840413237
2022-12-29 06:00:00,1.8694092840413237
2022-12-29 12:00:00,1.8694092840413237
2022-12-29 18:00:00,1.8694092840413237
2022-12-30 00:00:00,1.884740207408533
2022-12-30 06:00:00,1.884740207408533
2022-12-30 12:00:00,1.884740207408533
2022-12-30 18:00:00,1.884740207408533
2022-12-31 00:00:00,1.8998089631580302
2022-12-31 06:00:00,1.8998089631580302
2022-12-31 12:00:00,1.8998089631580302
2022-12-31 18:00:00,1.8998089631580302
